x1,x2,y
-50.0,-30.0,-149938996.00657168
-49.849849849849846,-29.81981981981982,-150884643.49954328
-49.6996996996997,-29.63963963963964,-151767573.96721008
-49.549549549549546,-29.45945945945946,-152588960.5103613
-49.3993993993994,-29.27927927927928,-153349967.30980843
-49.249249249249246,-29.0990990990991,-154051732.67526627
-49.0990990990991,-28.91891891891892,-154695391.98870882
-48.948948948948946,-28.73873873873874,-155282078.07927316
-48.7987987987988,-28.55855855855856,-155812899.0100536
-48.648648648648646,-28.37837837837838,-156288950.45975816
-48.4984984984985,-28.1981981981982,-156711330.6058238
-48.348348348348345,-28.01801801801802,-157081111.71798536
-48.1981981981982,-27.83783783783784,-157399361.41912058
-48.048048048048045,-27.65765765765766,-157667142.6660214
-47.8978978978979,-27.47747747747748,-157885489.6847835
-47.747747747747745,-27.2972972972973,-158055438.734411
-47.5975975975976,-27.117117117117118,-158178017.44417283
-47.447447447447445,-26.936936936936938,-158254230.47381395
-47.2972972972973,-26.756756756756758,-158285086.95846552
-47.147147147147145,-26.576576576576578,-158271569.93737826
-46.996996996997,-26.396396396396398,-158214652.801652
-46.846846846846844,-26.216216216216218,-158115319.37262872
-46.6966966966967,-26.036036036036037,-157974513.71165857
-46.546546546546544,-25.855855855855857,-157793189.83326492
-46.3963963963964,-25.675675675675677,-157572275.25214157
-46.246246246246244,-25.495495495495497,-157312700.4049656
-46.0960960960961,-25.315315315315317,-157015383.38036537
-45.945945945945944,-25.135135135135137,-156681218.9869169
-45.7957957957958,-24.954954954954957,-156311111.59695506
-45.645645645645644,-24.774774774774777,-155905937.04464746
-45.4954954954955,-24.594594594594597,-155466572.2238839
-45.34534534534534,-24.414414414414416,-154993873.18168452
-45.1951951951952,-24.234234234234236,-154488706.6789154
-45.04504504504504,-24.054054054054056,-153951904.85959864
-44.8948948948949,-23.873873873873876,-153384295.83079895
-44.74474474474474,-23.693693693693696,-152786715.54073608
-44.5945945945946,-23.513513513513516,-152159961.43993157
-44.44444444444444,-23.333333333333336,-151504849.9599675
-44.294294294294296,-23.153153153153156,-150822160.6910405
-44.14414414414414,-22.972972972972975,-150112679.98347652
-43.993993993993996,-22.792792792792795,-149377184.3323035
-43.84384384384384,-22.61261261261261,-148616436.98556015
-43.693693693693696,-22.43243243243243,-147831188.47258815
-43.54354354354354,-22.25225225225225,-147022182.81963396
-43.393393393393396,-22.07207207207207,-146190156.2981433
-43.24324324324324,-21.891891891891895,-145335827.6044849
-43.093093093093096,-21.711711711711715,-144459916.6832699
-42.94294294294294,-21.531531531531535,-143563125.665801
-42.792792792792795,-21.35135135135135,-142646157.80586115
-42.64264264264264,-21.17117117117117,-141709698.38105085
-42.492492492492495,-20.99099099099099,-140754413.9038969
-42.34234234234234,-20.81081081081081,-139780986.82642072
-42.192192192192195,-20.63063063063063,-138790070.0316388
-42.04204204204204,-20.45045045045045,-137782311.39484924
-41.89189189189189,-20.27027027027027,-136758356.96116892
-41.74174174174174,-20.09009009009009,-135718838.17289078
-41.591591591591595,-19.90990990990991,-134664380.5262082
-41.44144144144144,-19.72972972972973,-133595590.3741438
-41.29129129129129,-19.54954954954955,-132513077.54810728
-41.14114114114114,-19.36936936936937,-131417438.92143144
-40.990990990990994,-19.18918918918919,-130309266.62128912
-40.84084084084084,-19.00900900900901,-129189132.18922137
-40.69069069069069,-18.82882882882883,-128057612.15344395
-40.54054054054054,-18.64864864864865,-126915264.44757876
-40.390390390390394,-18.46846846846847,-125762640.03278607
-40.24024024024024,-18.28828828828829,-124600291.05911483
-40.09009009009009,-18.10810810810811,-123428755.14220417
-39.93993993993994,-17.92792792792793,-122248551.56412613
-39.78978978978979,-17.74774774774775,-121060208.68567152
-39.63963963963964,-17.56756756756757,-119864235.45763867
-39.489489489489486,-17.38738738738739,-118661130.57026152
-39.33933933933934,-17.207207207207208,-117451392.99975623
-39.18918918918919,-17.027027027027028,-116235515.77363509
-39.03903903903904,-16.846846846846848,-115013966.17770675
-38.888888888888886,-16.666666666666668,-113787233.26795803
-38.73873873873874,-16.486486486486488,-112555753.41522668
-38.58858858858859,-16.306306306306308,-111320005.5251387
-38.43843843843844,-16.126126126126128,-110080428.0084508
-38.288288288288285,-15.945945945945947,-108837459.68420057
-38.13813813813814,-15.765765765765767,-107591538.98792261
-37.98798798798799,-15.585585585585587,-106343077.54617244
-37.83783783783784,-15.405405405405405,-105092502.06924208
-37.687687687687685,-15.225225225225225,-103840218.14583245
-37.53753753753754,-15.045045045045045,-102586634.6349536
-37.387387387387385,-14.864864864864865,-101332135.95905846
-37.23723723723724,-14.684684684684685,-100077110.98833531
-37.087087087087085,-14.504504504504505,-98821937.98498236
-36.93693693693694,-14.324324324324325,-97566995.15638454
-36.786786786786784,-14.144144144144144,-96312643.76025409
-36.63663663663664,-13.963963963963966,-95059236.96699572
-36.486486486486484,-13.783783783783786,-93807131.86381394
-36.33633633633634,-13.603603603603606,-92556666.22383723
-36.186186186186184,-13.423423423423426,-91308183.9284733
-36.03603603603604,-13.243243243243246,-90062005.03155725
-35.885885885885884,-13.063063063063066,-88818456.78956468
-35.73573573573574,-12.882882882882885,-87577855.74034457
-35.585585585585584,-12.702702702702702,-86340502.7753674
-35.43543543543544,-12.522522522522522,-85106708.93236713
-35.28528528528528,-12.342342342342342,-83876766.1216167
-35.13513513513514,-12.162162162162161,-82650962.25136864
-34.98498498498498,-11.981981981981981,-81429580.9962259
-34.83483483483484,-11.801801801801801,-80212891.31332311
-34.68468468468468,-11.621621621621621,-79001168.06084779
-34.53453453453454,-11.441441441441441,-77794672.68993779
-34.38438438438438,-11.26126126126126,-76593657.72329432
-34.234234234234236,-11.08108108108108,-75398374.95408832
-34.08408408408408,-10.9009009009009,-74209065.53301752
-33.93393393393393,-10.72072072072072,-73025974.56452072
-33.78378378378378,-10.54054054054054,-71849322.75595409
-33.633633633633636,-10.36036036036036,-70679339.06396648
-33.48348348348348,-10.18018018018018,-69516244.12727165
-33.33333333333333,-10.0,-68360239.8513816
-33.18318318318318,-9.81981981981982,-67211543.73606278
-33.033033033033036,-9.63963963963964,-66070348.01846456
-32.88288288288288,-9.45945945945946,-64936862.047098994
-32.73273273273273,-9.27927927927928,-63811258.17539256
-32.58258258258258,-9.0990990990991,-62693727.35621247
-32.432432432432435,-8.91891891891892,-61584446.79487572
-32.28228228228228,-8.73873873873874,-60483579.60489731
-32.13213213213213,-8.558558558558559,-59391304.064380005
-31.98198198198198,-8.378378378378379,-58307774.326373905
-31.83183183183183,-8.198198198198199,-57233149.63602071
-31.68168168168168,-8.018018018018019,-56167567.93642631
-31.53153153153153,-7.837837837837839,-55111191.52790679
-31.38138138138138,-7.6576576576576585,-54064139.27857274
-31.23123123123123,-7.477477477477478,-53026554.93373265
-31.08108108108108,-7.297297297297298,-51998575.43353844
-30.93093093093093,-7.117117117117118,-50980306.94524391
-30.78078078078078,-6.936936936936938,-49971874.00138857
-30.63063063063063,-6.756756756756758,-48973392.34054637
-30.48048048048048,-6.576576576576578,-47984967.99408628
-30.33033033033033,-6.396396396396398,-47006697.43975494
-30.18018018018018,-6.216216216216218,-46038689.27945793
-30.03003003003003,-6.0360360360360374,-45081025.57146673
-29.87987987987988,-5.855855855855857,-44133805.57510611
-29.72972972972973,-5.675675675675677,-43197099.00466107
-29.57957957957958,-5.495495495495497,-42271001.76862172
-29.42942942942943,-5.315315315315317,-41355572.586466655
-29.27927927927928,-5.135135135135137,-40450884.99909221
-29.12912912912913,-4.954954954954957,-39557011.45658302
-28.97897897897898,-4.774774774774777,-38673998.82837377
-28.82882882882883,-4.5945945945945965,-37801910.65820012
-28.67867867867868,-4.414414414414416,-36940805.557610154
-28.52852852852853,-4.234234234234236,-36090713.156783365
-28.37837837837838,-4.054054054054056,-35251689.04019318
-28.22822822822823,-3.873873873873876,-34423767.37583734
-28.07807807807808,-3.693693693693696,-33606988.44440505
-27.92792792792793,-3.513513513513516,-32801373.463474125
-27.77777777777778,-3.3333333333333357,-32006948.537871007
-27.62762762762763,-3.1531531531531556,-31223743.70966971
-27.47747747747748,-2.9729729729729755,-30451772.565139875
-27.32732732732733,-2.7927927927927954,-29691049.329479244
-27.177177177177178,-2.6126126126126152,-28941586.813750427
-27.027027027027028,-2.432432432432435,-28203385.357953373
-26.876876876876878,-2.252252252252255,-27476453.238814548
-26.726726726726728,-2.072072072072075,-26760789.873047512
-26.576576576576578,-1.8918918918918948,-26056381.271955624
-26.426426426426428,-1.7117117117117147,-25363234.27030043
-26.276276276276278,-1.5315315315315345,-24681329.631399736
-26.126126126126128,-1.3513513513513544,-24010644.44237413
-25.975975975975977,-1.1711711711711743,-23351173.898224525
-25.825825825825824,-0.9909909909909906,-22702882.06982174
-25.675675675675674,-0.8108108108108105,-22065752.995865583
-25.525525525525524,-0.6306306306306304,-21439759.77963438
-25.375375375375373,-0.4504504504504503,-20824858.138011746
-25.225225225225223,-0.2702702702702702,-20221025.027932398
-25.075075075075073,-0.09009009009009006,-19628215.490013253
-24.924924924924923,0.09009009009009006,-19046388.6643853
-24.774774774774773,0.2702702702702702,-18475507.841586728
-24.624624624624623,0.4504504504504503,-17915515.873338476
-24.474474474474473,0.6306306306306304,-17366364.91569139
-24.324324324324323,0.8108108108108105,-16828002.061551742
-24.174174174174173,0.9909909909909906,-16300370.352711955
-24.024024024024023,1.1711711711711708,-15783412.951929888
-23.873873873873872,1.3513513513513509,-15277068.667465158
-23.723723723723722,1.531531531531531,-14781271.132518722
-23.573573573573572,1.711711711711711,-14295957.532579385
-23.423423423423422,1.8918918918918912,-13821051.305700144
-23.273273273273272,2.072072072072068,-13356491.459073493
-23.123123123123122,2.252252252252248,-12902188.005927935
-22.972972972972972,2.432432432432428,-12458083.85694848
-22.822822822822822,2.612612612612608,-12024088.63830602
-22.67267267267267,2.7927927927927882,-11600119.75843738
-22.52252252252252,2.9729729729729684,-11186092.712566035
-22.37237237237237,3.1531531531531485,-10781929.865613258
-22.22222222222222,3.3333333333333286,-10387535.598079044
-22.07207207207207,3.5135135135135087,-10002825.665783454
-21.92192192192192,3.693693693693689,-9627706.41502368
-21.77177177177177,3.873873873873869,-9262083.815600216
-21.62162162162162,4.054054054054049,-8905861.409872103
-21.47147147147147,4.234234234234229,-8558938.285133217
-21.32132132132132,4.414414414414409,-8221217.984397395
-21.17117117117117,4.5945945945945965,-7892603.65073059
-21.02102102102102,4.774774774774777,-7572990.109173493
-20.87087087087087,4.954954954954957,-7262265.397445731
-20.72072072072072,5.135135135135137,-6960331.519650737
-20.57057057057057,5.315315315315317,-6667081.313528235
-20.42042042042042,5.495495495495497,-6382398.000173639
-20.27027027027027,5.675675675675677,-6106177.817978907
-20.12012012012012,5.855855855855857,-5838308.685095332
-19.96996996996997,6.0360360360360374,-5578669.626590436
-19.81981981981982,6.216216216216218,-5327154.002264711
-19.66966966966967,6.396396396396398,-5083642.711501989
-19.51951951951952,6.576576576576578,-4848020.455252647
-19.36936936936937,6.756756756756758,-4620172.773142077
-19.21921921921922,6.936936936936938,-4399969.888038135
-19.06906906906907,7.117117117117118,-4187295.271112972
-18.91891891891892,7.297297297297298,-3982032.648716993
-18.76876876876877,7.477477477477478,-3784056.9901323766
-18.61861861861862,7.6576576576576585,-3593238.653382716
-18.46846846846847,7.837837837837839,-3409473.7724272
-18.31831831831832,8.018018018018019,-3232616.886367138
-18.16816816816817,8.198198198198199,-3062551.95391124
-18.01801801801802,8.378378378378379,-2899151.8527863747
-17.867867867867865,8.558558558558559,-2742291.204921748
-17.71771771771772,8.73873873873874,-2591837.5970506445
-17.567567567567565,8.91891891891892,-2447672.8332743654
-17.41741741741742,9.0990990990991,-2309659.642666797
-17.267267267267265,9.27927927927928,-2177675.4260768187
-17.117117117117118,9.45945945945946,-2051588.3512794874
-16.966966966966964,9.63963963963964,-1931267.8123874324
-16.816816816816818,9.81981981981982,-1816600.841646601
-16.666666666666664,10.0,-1707431.8414713873
-16.516516516516518,10.18018018018018,-1603654.5743827785
-16.366366366366364,10.36036036036036,-1505122.979266047
-16.216216216216218,10.54054054054054,-1411713.6085389866
-16.066066066066064,10.72072072072072,-1323303.0291831724
-15.915915915915917,10.9009009009009,-1239756.9559613403
-15.765765765765764,11.08108108108108,-1160942.9447732242
-15.615615615615617,11.26126126126126,-1086732.940446999
-15.465465465465464,11.441441441441441,-1017005.872627393
-15.315315315315317,11.621621621621621,-951622.9800686314
-15.165165165165163,11.801801801801801,-890463.1338095418
-15.015015015015017,11.981981981981981,-833397.4859010908
-14.864864864864863,12.162162162162161,-780290.7990092846
-14.714714714714717,12.342342342342342,-731031.9890403833
-14.564564564564563,12.522522522522522,-685488.6338240827
-14.414414414414416,12.702702702702702,-643523.2093252924
-14.264264264264263,12.882882882882882,-605026.769248547
-14.114114114114116,13.063063063063062,-569864.3919643927
-13.963963963963963,13.243243243243242,-537923.8268614585
-13.813813813813816,13.423423423423422,-509071.65228541725
-13.663663663663662,13.603603603603602,-483191.0609525037
-13.513513513513516,13.783783783783782,-460161.82761746773
-13.363363363363362,13.963963963963963,-439868.6557157298
-13.213213213213216,14.144144144144143,-422182.2432641808
-13.063063063063062,14.324324324324323,-406992.98232355353
-12.912912912912915,14.504504504504503,-394182.60562073416
-12.762762762762762,14.684684684684683,-383630.7186016757
-12.612612612612615,14.864864864864863,-375236.20900611713
-12.462462462462462,15.045045045045043,-368879.5761315392
-12.312312312312315,15.225225225225223,-364441.3320197843
-12.162162162162161,15.405405405405403,-361821.3447743234
-12.012012012012015,15.585585585585584,-360913.95426281495
-11.861861861861861,15.765765765765764,-361610.7213253652
-11.711711711711715,15.945945945945944,-363796.34887212684
-11.561561561561561,16.126126126126124,-367373.0094844828
-11.411411411411407,16.306306306306304,-372247.69970516383
-11.26126126126126,16.486486486486484,-378306.56432822684
-11.111111111111107,16.666666666666664,-385459.1334360873
-10.96096096096096,16.846846846846844,-393611.3081412478
-10.810810810810807,17.027027027027025,-402659.2574544954
-10.66066066066066,17.207207207207205,-412523.5362210754
-10.510510510510507,17.387387387387385,-423094.56731634267
-10.36036036036036,17.567567567567565,-434297.4092159158
-10.210210210210207,17.747747747747745,-446046.1825769277
-10.06006006006006,17.927927927927925,-458245.2377142514
-9.909909909909906,18.108108108108105,-470832.05753639655
-9.75975975975976,18.288288288288285,-483706.7621349817
-9.609609609609606,18.468468468468465,-496800.7235056217
-9.45945945945946,18.648648648648646,-510036.4216876606
-9.309309309309306,18.828828828828826,-523350.9326542283
-9.15915915915916,19.009009009009006,-536654.6257688621
-9.009009009009006,19.189189189189186,-549898.183068725
-8.85885885885886,19.369369369369366,-563008.5857404758
-8.708708708708706,19.549549549549546,-575918.7275064819
-8.558558558558559,19.729729729729726,-588577.0219103503
-8.408408408408405,19.909909909909906,-600923.9979997845
-8.258258258258259,20.090090090090087,-612901.3078796109
-8.108108108108105,20.270270270270267,-624462.6497369908
-7.957957957957959,20.450450450450447,-635555.2737992735
-7.807807807807805,20.630630630630627,-646135.3487456585
-7.6576576576576585,20.810810810810807,-656159.5888046238
-7.507507507507505,20.990990990990987,-665596.6629243952
-7.357357357357358,21.171171171171167,-674390.2199254954
-7.207207207207205,21.351351351351347,-682534.2582820901
-7.057057057057058,21.531531531531527,-689972.0088276644
-6.9069069069069045,21.711711711711708,-696690.545779521
-6.756756756756758,21.891891891891888,-702666.3488060392
-6.606606606606604,22.072072072072068,-707878.3961408627
-6.456456456456458,22.252252252252248,-712306.1669120939
-6.306306306306304,22.432432432432428,-715940.4859049092
-6.1561561561561575,22.612612612612608,-718769.9003498408
-6.006006006006004,22.79279279279279,-720785.6265213855
-5.855855855855857,22.97297297297297,-721992.1477256805
-5.705705705705704,23.15315315315315,-722387.9576000734
-5.555555555555557,23.33333333333333,-721971.6440931071
-5.4054054054054035,23.51351351351351,-720761.6475131268
-5.255255255255257,23.69369369369369,-718764.0395569378
-5.105105105105103,23.87387387387387,-715998.9347050795
-4.954954954954957,24.05405405405405,-712488.0043281313
-4.804804804804803,24.23423423423423,-708249.7508665145
-4.6546546546546566,24.41441441441441,-703314.122785561
-4.504504504504503,24.59459459459459,-697718.7728251875
-4.354354354354356,24.77477477477477,-691498.6561183959
-4.204204204204203,24.95495495495495,-684692.3217054899
-4.054054054054056,25.13513513513513,-677344.615514944
-3.9039039039039025,25.31531531531531,-669513.3193578995
-3.753753753753756,25.49549549549549,-661240.4169235061
-3.6036036036036023,25.67567567567567,-652594.1916844584
-3.453453453453456,25.85585585585585,-643632.3778610587
-3.303303303303302,26.03603603603603,-634421.2957975821
-3.1531531531531556,26.21621621621621,-625038.8974502962
-3.003003003003002,26.39639639639639,-615558.2333896104
-2.8528528528528554,26.57657657657657,-606060.2694733803
-2.7027027027027017,26.75675675675675,-596635.7675283799
-2.552552552552555,26.93693693693693,-587368.2883873358
-2.4024024024024015,27.11711711711711,-578360.8900855533
-2.252252252252255,27.29729729729729,-569707.7830070214
-2.1021021021021014,27.47747747747747,-561520.1300455547
-1.9519519519519548,27.65765765765765,-553905.1378958764
-1.8018018018018012,27.83783783783784,-546979.4423586159
-1.6516516516516475,28.01801801801802,-540868.3442722702
-1.501501501501501,28.1981981981982,-535685.4819716193
-1.3513513513513473,28.37837837837838,-531582.8574014179
-1.2012012012012008,28.55855855855856,-528679.2874800689
-1.0510510510510471,28.73873873873874,-527117.3395035295
-0.9009009009009006,28.91891891891892,-527054.9849369277
-0.7507507507507469,29.0990990990991,-528639.1196582627
-0.6006006006006004,29.27927927927928,-532028.0601782782
-0.45045045045044674,29.45945945945946,-537387.2458584342
-0.3003003003003002,29.63963963963964,-544885.2789306485
-0.15015015015014654,29.81981981981982,-554693.0072150823
0.0,30.0,-566998.354323423
0.15015015015015365,30.18018018018018,-581979.5686802136
0.3003003003003002,30.36036036036036,-599839.329108274
0.45045045045045384,30.54054054054054,-620769.379963818
0.6006006006006004,30.72072072072072,-644972.3386024554
0.750750750750754,30.9009009009009,-672660.1718311812
0.9009009009009006,31.08108108108108,-704052.8441559568
1.0510510510510542,31.26126126126126,-739367.6523860269
1.2012012012012008,31.44144144144144,-778831.6649374586
1.3513513513513544,31.62162162162162,-822684.1195005109
1.501501501501501,31.8018018018018,-871165.0844457444
1.6516516516516546,31.98198198198198,-924518.4535343059
1.8018018018018012,32.16216216216216,-982997.7812147711
1.9519519519519548,32.34234234234234,-1046868.8718002902
2.1021021021021014,32.52252252252252,-1116389.6640505053
2.252252252252255,32.7027027027027,-1191834.9455023056
2.4024024024024015,32.88288288288288,-1273485.5728323373
2.552552552552555,33.06306306306306,-1361626.9330203591
2.7027027027027017,33.24324324324324,-1456550.2331378756
2.8528528528528554,33.42342342342342,-1558559.473909159
3.003003003003002,33.6036036036036,-1667957.8076923273
3.1531531531531556,33.78378378378378,-1785054.8479861598
3.303303303303302,33.96396396396396,-1910174.7574405053
3.453453453453456,34.144144144144136,-2043637.868156461
3.6036036036036023,34.32432432432432,-2185784.1117376992
3.753753753753756,34.504504504504496,-2336949.73012519
3.9039039039039025,34.68468468468468,-2497487.600313721
4.054054054054056,34.864864864864856,-2667743.9287758595
4.204204204204203,35.04504504504504,-2848086.2808972
4.354354354354356,35.225225225225216,-3038888.442731541
4.504504504504503,35.4054054054054,-3240517.2327722735
4.6546546546546566,35.58558558558558,-3453361.1737335976
4.804804804804803,35.765765765765764,-3677813.7511956133
4.954954954954957,35.94594594594594,-3914267.3905463386
5.105105105105103,36.126126126126124,-4163133.318271215
5.255255255255257,36.3063063063063,-4424822.941147158
5.4054054054054035,36.486486486486484,-4699760.044415164
5.555555555555557,36.66666666666666,-4988368.3205202
5.705705705705704,36.846846846846844,-5291088.407092698
5.855855855855857,37.02702702702702,-5608363.115566688
6.006006006006004,37.207207207207205,-5940648.532659656
6.1561561561561575,37.38738738738738,-6288398.505586046
6.306306306306304,37.567567567567565,-6652092.667967743
6.456456456456458,37.74774774774774,-7032189.680942859
6.606606606606604,37.927927927927925,-7429187.362765162
6.756756756756758,38.1081081081081,-7843567.7888691565
6.9069069069069045,38.288288288288285,-8275846.618806872
7.057057057057058,38.46846846846846,-8726516.358486444
7.207207207207205,38.648648648648646,-9196099.087882306
7.357357357357358,38.82882882882882,-9685123.864923783
7.507507507507505,39.009009009009006,-10194114.246950405
7.6576576576576585,39.18918918918919,-10723621.875008253
7.807807807807812,39.369369369369366,-11274190.986302169
7.957957957957959,39.54954954954955,-11846383.995244268
8.108108108108112,39.729729729729726,-12440764.030799534
8.258258258258259,39.90990990990991,-13057914.562817084
8.408408408408413,40.09009009009009,-13698416.40247319
8.558558558558559,40.270270270270274,-14362859.181129623
8.708708708708713,40.45045045045045,-15051843.903599843
8.85885885885886,40.630630630630634,-15765991.239028439
9.009009009009013,40.81081081081081,-16505904.571746726
9.15915915915916,40.990990990990994,-17272230.08326483
9.309309309309313,41.17117117117117,-18065599.78806153
9.45945945945946,41.351351351351354,-18886657.547537755
9.609609609609613,41.53153153153153,-19736051.301085815
9.75975975975976,41.711711711711715,-20614463.63448435
9.909909909909913,41.89189189189189,-21522553.922263797
10.06006006006006,42.072072072072075,-22461019.50886089
10.210210210210214,42.25225225225225,-23430537.003874
10.36036036036036,42.432432432432435,-24431816.828745816
10.510510510510514,42.61261261261261,-25465570.719841465
10.66066066066066,42.792792792792795,-26532519.478817817
10.810810810810814,42.97297297297297,-27633389.249323804
10.96096096096096,43.153153153153156,-28768928.623372506
11.111111111111114,43.33333333333333,-29939876.385167114
11.26126126126126,43.513513513513516,-31146998.30363556
11.411411411411414,43.69369369369369,-32391061.725957915
11.561561561561561,43.873873873873876,-33672846.02002441
11.711711711711715,44.05405405405405,-34993143.3984563
11.861861861861861,44.234234234234236,-36352745.362074636
12.012012012012015,44.41441441441441,-37752456.677645236
12.162162162162161,44.5945945945946,-39193109.64508691
12.312312312312315,44.77477477477477,-40675525.4043134
12.462462462462462,44.95495495495496,-42200535.40007538
12.612612612612615,45.13513513513513,-43769002.48604332
12.762762762762762,45.31531531531532,-45381773.01530024
12.912912912912915,45.49549549549549,-47039725.41021478
13.063063063063062,45.67567567567568,-48743728.488084055
13.213213213213216,45.85585585585585,-50494682.79196057
13.363363363363362,46.03603603603604,-52293487.26867527
13.513513513513516,46.21621621621621,-54141042.680503234
13.663663663663662,46.3963963963964,-56038279.69667642
13.813813813813816,46.57657657657657,-57986124.82016333
13.963963963963963,46.75675675675676,-59985528.58095248
14.114114114114116,46.93693693693693,-62037429.888862625
14.26426426426427,47.11711711711712,-64142802.99058898
14.41441441441441,47.29729729729729,-66302626.20926235
14.564564564564563,47.47747747747748,-68517871.71550725
14.714714714714717,47.65765765765765,-70789545.37913549
14.86486486486487,47.83783783783784,-73118646.2467754
15.01501501501501,48.01801801801801,-75506199.28933324
15.165165165165163,48.1981981981982,-77953232.54419965
15.315315315315317,48.37837837837837,-80460790.33034995
15.46546546546547,48.55855855855856,-83029913.70426784
15.61561561561561,48.73873873873873,-85661680.41020985
15.765765765765764,48.91891891891892,-88357149.85995331
15.915915915915917,49.09909909909909,-91117408.70106992
16.06606606606607,49.27927927927928,-93943559.87387067
16.21621621621621,49.45945945945945,-96836710.6718973
16.366366366366364,49.63963963963964,-99797982.08411689
16.516516516516518,49.81981981981981,-102828493.83555295
16.66666666666667,50.0,-105929402.90112014
16.81681681681681,50.18018018018017,-109101850.70311831
16.966966966966964,50.36036036036036,-112347014.04368126
17.117117117117118,50.54054054054053,-115666067.97689007
17.267267267267272,50.72072072072072,-119060196.418549
17.417417417417425,50.90090090090089,-122530606.00273667
17.567567567567565,51.08108108108108,-126078504.82103236
17.71771771771772,51.261261261261254,-129705120.9772648
17.867867867867872,51.44144144144144,-133411697.49150592
18.018018018018026,51.621621621621614,-137199470.69558793
18.168168168168165,51.8018018018018,-141069713.71271345
18.31831831831832,51.981981981981974,-145023693.32128996
18.468468468468473,52.16216216216216,-149062694.7467872
18.618618618618626,52.342342342342334,-153188020.9552032
18.768768768768766,52.52252252252252,-157400976.05465767
18.91891891891892,52.702702702702695,-161702887.6400046
19.069069069069073,52.88288288288288,-166095080.7901981
19.219219219219227,53.063063063063055,-170578920.72084868
19.369369369369366,53.24324324324324,-175155754.80315578
19.51951951951952,53.423423423423415,-179826954.6523027
19.669669669669673,53.6036036036036,-184593911.20158327
19.819819819819827,53.783783783783775,-189458019.37666422
19.969969969969966,53.96396396396396,-194420688.30439577
20.12012012012012,54.144144144144136,-199483344.6259421
20.270270270270274,54.32432432432432,-204647426.03427187
20.420420420420427,54.504504504504496,-209914376.29190078
20.570570570570567,54.68468468468468,-215285659.25228187
20.72072072072072,54.864864864864856,-220762755.325627
20.870870870870874,55.04504504504504,-226347142.3476701
21.021021021021028,55.225225225225216,-232040322.98147568
21.171171171171167,55.4054054054054,-237843821.01342246
21.32132132132132,55.58558558558558,-243759163.18165255
21.471471471471475,55.765765765765764,-249787880.571693
21.621621621621628,55.94594594594594,-255931534.9933737
21.771771771771768,56.126126126126124,-262191685.76067647
21.92192192192192,56.3063063063063,-268569929.38072383
22.072072072072075,56.486486486486484,-275067849.4420051
22.22222222222223,56.66666666666666,-281687054.5259093
22.372372372372368,56.846846846846844,-288429166.70065457
22.52252252252252,57.02702702702702,-295295816.61726457
22.672672672672675,57.207207207207205,-302288663.64624727
22.82282282282283,57.38738738738738,-309409364.3128619
22.97297297297297,57.567567567567565,-316659592.7702967
23.123123123123122,57.74774774774774,-324041044.620464
23.273273273273276,57.927927927927925,-331555415.2339522
23.42342342342343,58.1081081081081,-339204436.3203982
23.57357357357357,58.288288288288285,-346989833.0611572
23.723723723723722,58.46846846846846,-354913346.75495857
23.873873873873876,58.648648648648646,-362976748.27324194
24.02402402402403,58.82882882882882,-371181805.40885735
24.17417417417417,59.009009009009006,-379530301.16439605
24.324324324324323,59.18918918918918,-388024051.9161721
24.474474474474476,59.369369369369366,-396664869.4287523
24.62462462462463,59.54954954954954,-405454579.3679285
24.77477477477477,59.729729729729726,-414395035.7707813
24.924924924924923,59.9099099099099,-423488095.826992
25.075075075075077,60.09009009009009,-432735629.4072612
25.22522522522523,60.27027027027026,-442139534.53167236
25.37537537537537,60.45045045045045,-451701721.5098515
25.525525525525524,60.63063063063062,-461424090.29423
25.675675675675677,60.81081081081081,-471308591.5962279
25.82582582582583,60.99099099099098,-481357164.9344295
25.97597597597597,61.17117117117117,-491571777.0777613
26.126126126126124,61.35135135135134,-501954406.2052605
26.276276276276278,61.53153153153153,-512507042.95975614
26.42642642642643,61.7117117117117,-523231701.6497888
26.57657657657657,61.89189189189189,-534130398.1515349
26.726726726726724,62.07207207207206,-545205177.8113042
26.876876876876878,62.25225225225225,-556458091.2326144
27.02702702702703,62.432432432432435,-567891208.5751793
27.177177177177185,62.61261261261261,-579506611.0934427
27.327327327327325,62.792792792792795,-591306398.3265889
27.47747747747748,62.97297297297297,-603292690.3766749
27.627627627627632,63.153153153153156,-615467616.8802999
27.777777777777786,63.33333333333333,-627833316.1293513
27.927927927927925,63.513513513513516,-640391955.476448
28.07807807807808,63.69369369369369,-653145717.2043782
28.228228228228232,63.873873873873876,-666096778.5345137
28.378378378378386,64.05405405405405,-679247363.9059716
28.528528528528525,64.23423423423424,-692599685.6905622
28.67867867867868,64.41441441441441,-706155993.794698
28.828828828828833,64.5945945945946,-719918538.2526014
28.978978978978986,64.77477477477477,-733889588.8755816
29.129129129129126,64.95495495495496,-748071432.7345634
29.27927927927928,65.13513513513513,-762466379.4013845
29.429429429429433,65.31531531531532,-777076748.4173076
29.579579579579587,65.49549549549549,-791904867.4584725
29.729729729729726,65.67567567567568,-806953101.6426113
29.87987987987988,65.85585585585585,-822223803.7396667
30.030030030030034,66.03603603603604,-837719371.5507847
30.180180180180187,66.21621621621621,-853442197.0513599
30.330330330330327,66.3963963963964,-869394700.621889
30.48048048048048,66.57657657657657,-885579319.4498388
30.630630630630634,66.75675675675676,-901998497.7408272
30.780780780780788,66.93693693693693,-918654703.1659474
30.930930930930927,67.11711711711712,-935550426.8365657
31.08108108108108,67.29729729729729,-952688156.7988789
31.231231231231234,67.47747747747748,-970070422.4915689
31.381381381381388,67.65765765765765,-987699743.3583027
31.531531531531527,67.83783783783784,-1005578678.4050227
31.68168168168168,68.01801801801801,-1023709802.910892
31.831831831831835,68.1981981981982,-1042095680.0917004
31.98198198198199,68.37837837837837,-1060738922.7364726
32.13213213213213,68.55855855855856,-1079642152.5861173
32.28228228228228,68.73873873873873,-1098807997.7338133
32.432432432432435,68.91891891891892,-1118239116.225349
32.58258258258259,69.09909909909909,-1137938171.05065
32.73273273273273,69.27927927927928,-1157907854.061153
32.88288288288288,69.45945945945945,-1178150864.2013175
33.033033033033036,69.63963963963964,-1198669930.357982
33.18318318318319,69.81981981981981,-1219467784.7392142
33.33333333333333,70.0,-1240547187.1241648
33.48348348348348,70.18018018018017,-1261910908.1196
33.633633633633636,70.36036036036036,-1283561739.9827952
33.78378378378379,70.54054054054053,-1305502490.2073503
33.93393393393393,70.72072072072072,-1327735990.0555916
34.08408408408408,70.9009009009009,-1350265077.33418
34.234234234234236,71.08108108108108,-1373092614.8530536
34.38438438438439,71.26126126126125,-1396221490.4652567
34.53453453453453,71.44144144144144,-1419654595.76937
34.68468468468468,71.62162162162161,-1443394840.8455453
34.83483483483484,71.8018018018018,-1467445170.9051979
34.98498498498499,71.98198198198197,-1491808531.2342072
35.13513513513513,72.16216216216216,-1516487886.0690122
35.28528528528528,72.34234234234233,-1541486232.2470284
35.43543543543544,72.52252252252252,-1566806567.1370687
35.58558558558559,72.7027027027027,-1592451921.9594734
35.73573573573573,72.88288288288288,-1618425334.2893686
35.885885885885884,73.06306306306305,-1644729873.513189
36.03603603603604,73.24324324324324,-1671368611.2022219
36.18618618618619,73.42342342342342,-1698344643.4186757
36.33633633633633,73.6036036036036,-1725661097.6779265
36.486486486486484,73.78378378378378,-1753321089.5323176
36.63663663663664,73.96396396396396,-1781327787.0941424
36.78678678678679,74.14414414414414,-1809684364.087114
36.936936936936945,74.32432432432432,-1838393995.8910506
37.087087087087085,74.5045045045045,-1867459908.5659204
37.23723723723724,74.68468468468468,-1896885323.4360704
37.38738738738739,74.86486486486486,-1926673484.1574042
37.537537537537546,75.04504504504504,-1956827659.237705
37.687687687687685,75.22522522522522,-1987351142.3738613
37.83783783783784,75.4054054054054,-2018247225.8986597
37.98798798798799,75.58558558558558,-2049519238.8527226
38.138138138138146,75.76576576576576,-2081170521.375055
38.288288288288285,75.94594594594594,-2113204431.4711647
38.43843843843844,76.12612612612612,-2145624360.772698
38.58858858858859,76.3063063063063,-2178433697.372794
38.738738738738746,76.48648648648648,-2211635868.8580923
38.888888888888886,76.66666666666666,-2245234308.071032
39.03903903903904,76.84684684684684,-2279232478.4912276
39.18918918918919,77.02702702702702,-2313633853.989308
39.33933933933935,77.2072072072072,-2348441938.1013293
39.489489489489486,77.38738738738738,-2383660239.698571
39.63963963963964,77.56756756756756,-2419292300.871698
39.78978978978979,77.74774774774774,-2455341673.5736785
39.93993993993995,77.92792792792793,-2491811935.828188
40.09009009009009,78.1081081081081,-2528706685.0308275
40.24024024024024,78.28828828828829,-2566029540.2322674
40.390390390390394,78.46846846846846,-2603784126.1219025
40.54054054054055,78.64864864864865,-2641974107.9870396
40.69069069069069,78.82882882882882,-2680603161.844572
40.84084084084084,79.009009009009,-2719674975.889658
40.990990990990994,79.18918918918918,-2759193279.1677895
41.14114114114115,79.36936936936937,-2799161795.294749
41.29129129129129,79.54954954954954,-2839584285.209007
41.44144144144144,79.72972972972973,-2880464517.9215765
41.591591591591595,79.9099099099099,-2921806306.3933864
41.74174174174175,80.09009009009009,-2963613459.6467056
41.89189189189189,80.27027027027026,-3005889813.8337092
42.04204204204204,80.45045045045045,-3048639233.02118
42.192192192192195,80.63063063063062,-3091865582.8343563
42.34234234234235,80.8108108108108,-3135572784.6826544
42.49249249249249,80.99099099099098,-3179764742.5503044
42.64264264264264,81.17117117117117,-3224445400.837118
42.792792792792795,81.35135135135134,-3269618724.3950443
42.94294294294295,81.53153153153153,-3315288694.215269
43.09309309309309,81.7117117117117,-3361459315.36052
43.24324324324324,81.89189189189189,-3408134606.273941
43.393393393393396,82.07207207207206,-3455318616.7112045
43.54354354354355,82.25225225225225,-3503015417.407159
43.69369369369369,82.43243243243242,-3551229090.5379214
43.84384384384384,82.61261261261261,-3599963751.164562
43.993993993993996,82.79279279279278,-3649223521.3203773
44.14414414414415,82.97297297297297,-3699012552.817238
44.29429429429429,83.15315315315314,-3749335022.2558994
44.44444444444444,83.33333333333333,-3800195120.469968
44.5945945945946,83.5135135135135,-3851597072.148989
44.74474474474475,83.69369369369369,-3903545094.416956
44.89489489489489,83.87387387387386,-3956043467.420999
45.04504504504504,84.05405405405405,-4009096458.3872323
45.1951951951952,84.23423423423422,-4062708372.293214
45.34534534534535,84.41441441441441,-4116883531.8065634
45.49549549549549,84.59459459459458,-4171626275.4865847
45.645645645645644,84.77477477477477,-4226940982.730094
45.7957957957958,84.95495495495494,-4282832036.8441305
45.94594594594595,85.13513513513513,-4339303844.31083
46.09609609609609,85.3153153153153,-4396360838.285255
46.246246246246244,85.49549549549549,-4454007472.967933
46.3963963963964,85.67567567567568,-4512248234.727496
46.54654654654655,85.85585585585585,-4571087612.838704
46.696696696696705,86.03603603603604,-4630530124.335355
46.846846846846844,86.21621621621621,-4690580319.66042
46.996996996997,86.3963963963964,-4751242766.171474
47.14714714714715,86.57657657657657,-4812522036.3851385
47.297297297297305,86.75675675675676,-4874422755.883328
47.447447447447445,86.93693693693693,-4936949549.048292
47.5975975975976,87.11711711711712,-5000107072.335895
47.74774774774775,87.29729729729729,-5063900007.171271
47.897897897897906,87.47747747747748,-5128333050.950941
48.048048048048045,87.65765765765765,-5193410923.643744
48.1981981981982,87.83783783783784,-5259138362.443703
48.34834834834835,88.01801801801801,-5325520156.62306
48.498498498498506,88.1981981981982,-5392561079.493832
48.648648648648646,88.37837837837837,-5460265949.458534
48.7987987987988,88.55855855855856,-5528639602.38483
48.94894894894895,88.73873873873873,-5597686899.2435665
49.09909909909911,88.91891891891892,-5667412721.400384
49.249249249249246,89.09909909909909,-5737821973.143695
49.3993993993994,89.27927927927928,-5808919582.891466
49.54954954954955,89.45945945945945,-5880710505.307101
49.69969969969971,89.63963963963964,-5953199712.509611
49.849849849849846,89.81981981981981,-6026392201.319853
50.0,90.0,-6100292997.509954
50.150150150150154,90.18018018018017,-6174907139.281641
50.30030030030031,90.36036036036036,-6250239710.930788
50.45045045045045,90.54054054054053,-6326295776.538177
50.6006006006006,90.72072072072072,-6403080474.307231
50.750750750750754,90.9009009009009,-6480598942.825065
50.90090090090091,91.08108108108108,-6558856327.493026
51.05105105105105,91.26126126126125,-6637857828.068055
51.2012012012012,91.44144144144144,-6717608652.9243555
51.351351351351354,91.62162162162161,-6798114030.387896
51.50150150150151,91.8018018018018,-6879379223.233837
51.65165165165165,91.98198198198197,-6961409504.564251
51.8018018018018,92.16216216216216,-7044210193.499801
51.951951951951955,92.34234234234233,-7127786609.752499
52.10210210210211,92.52252252252252,-7212144110.832811
52.25225225225225,92.7027027027027,-7297288075.115954
52.4024024024024,92.88288288288288,-7383223896.798785
52.552552552552555,93.06306306306305,-7469957005.898964
52.70270270270271,93.24324324324324,-7557492858.881671
52.85285285285285,93.42342342342342,-7645836917.521143
53.003003003003,93.6036036036036,-7734994693.781419
53.153153153153156,93.78378378378378,-7824971703.570234
53.30330330330331,93.96396396396396,-7915773493.888367
53.45345345345345,94.14414414414414,-8007405642.219211
53.6036036036036,94.32432432432432,-8099873743.859953
53.753753753753756,94.5045045045045,-8193183414.647552
53.90390390390391,94.68468468468468,-8287340313.012484
54.05405405405405,94.86486486486486,-8382350094.562444
54.2042042042042,95.04504504504504,-8478218466.414511
54.354354354354356,95.22522522522522,-8574951147.5428705
54.50450450450451,95.4054054054054,-8672553878.670029
54.65465465465465,95.58558558558558,-8771032437.814674
54.8048048048048,95.76576576576576,-8870392608.572731
54.95495495495496,95.94594594594594,-8970640225.606861
55.10510510510511,96.12612612612612,-9071781126.512583
55.25525525525525,96.3063063063063,-9173821179.887897
55.4054054054054,96.48648648648648,-9276766292.29891
55.55555555555556,96.66666666666666,-9380622376.368599
55.70570570570571,96.84684684684684,-9485395379.782887
55.855855855855864,97.02702702702702,-9591091271.112007
56.006006006006004,97.2072072072072,-9697716060.589193
56.15615615615616,97.38738738738738,-9805275753.272842
56.30630630630631,97.56756756756756,-9913776421.289352
56.456456456456465,97.74774774774774,-10023224109.79597
56.606606606606604,97.92792792792793,-10133624944.327057
56.75675675675676,98.1081081081081,-10244985037.474018
56.90690690690691,98.28828828828827,-10357310543.098597
57.057057057057065,98.46846846846847,-10470607635.16448
57.207207207207205,98.64864864864865,-10584882522.103691
57.35735735735736,98.82882882882882,-10700141426.794617
57.50750750750751,99.00900900900899,-10816390611.41062
57.657657657657666,99.1891891891892,-10933636350.414703
57.807807807807805,99.36936936936937,-11051884953.798723
57.95795795795796,99.54954954954954,-11171142751.784336
58.10810810810811,99.72972972972971,-11291416105.033384
58.258258258258266,99.90990990990991,-11412711403.791313
58.408408408408405,100.09009009009009,-11535035050.17645
58.55855855855856,100.27027027027026,-11658393483.466274
58.70870870870871,100.45045045045043,-11782793176.809546
58.858858858858866,100.63063063063063,-11908240615.244192
59.009009009009006,100.8108108108108,-12034742315.382927
59.15915915915916,100.99099099099098,-12162304821.923374
59.30930930930931,101.17117117117115,-12290934707.98577
59.45945945945947,101.35135135135135,-12420638566.923502
59.609609609609606,101.53153153153153,-12551423021.395754
59.75975975975976,101.7117117117117,-12683294728.667639
59.90990990990991,101.89189189189187,-12816260356.672537
60.06006006006007,102.07207207207207,-12950326621.74063
60.21021021021021,102.25225225225225,-13085500238.320019
60.36036036036036,102.43243243243242,-13221787980.768232
60.510510510510514,102.6126126126126,-13359196626.944874
60.66066066066067,102.7927927927928,-13497732987.83301
60.81081081081081,102.97297297297297,-13637403904.722593
60.96096096096096,103.15315315315314,-13778216246.68858
61.111111111111114,103.33333333333331,-13920176909.1984
61.26126126126127,103.51351351351352,-14063292802.022568
61.41141141141141,103.69369369369369,-14207570880.156914
61.56156156156156,103.87387387387386,-14353018119.5365
61.711711711711715,104.05405405405403,-14499641523.65636
61.86186186186187,104.23423423423424,-14647448126.348328
62.01201201201201,104.41441441441441,-14796444978.060589
62.16216216216216,104.59459459459458,-14946639172.646626
62.312312312312315,104.77477477477476,-15098037817.712597
62.46246246246247,104.95495495495496,-15250648058.504196
62.61261261261261,105.13513513513513,-15404477059.54287
62.76276276276276,105.3153153153153,-15559532021.980103
62.912912912912915,105.49549549549548,-15715820167.02096
63.06306306306307,105.67567567567568,-15873348745.523628
63.21321321321321,105.85585585585585,-16032125049.390257
63.36336336336336,106.03603603603602,-16192156367.941278
63.513513513513516,106.2162162162162,-16353450060.421581
63.66366366366367,106.3963963963964,-16516013476.49317
63.81381381381381,106.57657657657657,-16679854014.235651
63.96396396396396,106.75675675675674,-16844979088.162043
64.11411411411412,106.93693693693692,-17011396158.62141
64.26426426426427,107.11711711711712,-17179112693.816357
64.41441441441441,107.29729729729729,-17348136200.427982
64.56456456456456,107.47747747747746,-17518474226.789066
64.71471471471472,107.65765765765764,-17690134318.07328
64.86486486486487,107.83783783783784,-17863124079.99869
65.01501501501501,108.01801801801801,-18037451121.6553
65.16516516516516,108.19819819819818,-18213123094.796417
65.31531531531532,108.37837837837839,-18390147687.804695
65.46546546546547,108.55855855855856,-18568532589.06505
65.61561561561562,108.73873873873873,-18748285550.625465
65.76576576576576,108.9189189189189,-18929414329.885998
65.91591591591592,109.0990990990991,-19111926714.66744
66.06606606606607,109.27927927927928,-19295830533.66908
66.21621621621622,109.45945945945945,-19481133637.653465
66.36636636636636,109.63963963963963,-19667843909.095078
66.51651651651652,109.81981981981983,-19855969247.551144
66.66666666666667,110.0,-20045517598.318085
66.81681681681683,110.18018018018017,-20236496929.023476
66.96696696696696,110.36036036036035,-20428915235.046658
67.11711711711712,110.54054054054055,-20622780546.092285
67.26726726726727,110.72072072072072,-20818100917.809566
67.41741741741743,110.9009009009009,-21014884426.840183
67.56756756756756,111.08108108108107,-21213139197.357246
67.71771771771772,111.26126126126127,-21412873371.25802
67.86786786786787,111.44144144144144,-21614095120.754097
68.01801801801803,111.62162162162161,-21816812652.10771
68.16816816816817,111.80180180180179,-22021034197.34008
68.31831831831832,111.98198198198199,-22226768019.57694
68.46846846846847,112.16216216216216,-22434022413.528263
68.61861861861863,112.34234234234233,-22642805692.48162
68.76876876876877,112.52252252252251,-22853126221.127846
68.91891891891892,112.70270270270271,-23064992376.956024
69.06906906906907,112.88288288288288,-23278412576.48361
69.21921921921923,113.06306306306305,-23493395255.80801
69.36936936936937,113.24324324324323,-23709948887.491512
69.51951951951952,113.42342342342343,-23928081985.010624
69.66966966966967,113.6036036036036,-24147803071.676754
69.81981981981983,113.78378378378378,-24369120717.55883
69.96996996996997,113.96396396396395,-24592043512.64503
